ABBREV,DATA,YEAR,PUFID,URL
FYC,Full-Year Consolidated File,2023,HC-251,https://meps.ahrq.gov/mepsweb/data_stats/download_data_files_detail.jsp?cboPufNumber=HC-251
PRPL,Person Round Plan,2023,HC-250,https://meps.ahrq.gov/mepsweb/data_stats/download_data_files_detail.jsp?cboPufNumber=HC-250
COND,Medical Conditions,2023,HC-249,https://meps.ahrq.gov/mepsweb/data_stats/download_data_files_detail.jsp?cboPufNumber=HC-249
CLNK,Linkage: Condition-Event Link,2023,HC-248I,https://meps.ahrq.gov/mepsweb/data_stats/download_data_files_detail.jsp?cboPufNumber=HC-248I
RX,Event File - Prescribed Medicines,2023,HC-248A,https://meps.ahrq.gov/mepsweb/data_stats/download_data_files_detail.jsp?cboPufNumber=HC-248A
OB,Event File - Office-Based Medical Provider Visits,2023,HC-248G,https://meps.ahrq.gov/mepsweb/data_stats/download_data_files_detail.jsp?cboPufNumber=HC-248G
OP,Event File - Outpatient Visits,2023,HC-248F,https://meps.ahrq.gov/mepsweb/data_stats/download_data_files_detail.jsp?cboPufNumber=HC-248F
ER,Event File - Emergency Room Visits,2023,HC-248E,https://meps.ahrq.gov/mepsweb/data_stats/download_data_files_detail.jsp?cboPufNumber=HC-248E
IP,Event File - Hospital Inpatient Stays,2023,HC-248D,https://meps.ahrq.gov/mepsweb/data_stats/download_data_files_detail.jsp?cboPufNumber=HC-248D
OM,Event File - Other Medical Expenses,2023,HC-248C,https://meps.ahrq.gov/mepsweb/data_stats/download_data_files_detail.jsp?cboPufNumber=HC-248C
DV,Event File - Dental Visits,2023,HC-248B,https://meps.ahrq.gov/mepsweb/data_stats/download_data_files_detail.jsp?cboPufNumber=HC-248B
JOBS,Jobs File,2023,HC-246,https://meps.ahrq.gov/mepsweb/data_stats/download_data_files_detail.jsp?cboPufNumber=HC-246
FYC,Full-Year Consolidated File,2022,HC-243,https://meps.ahrq.gov/mepsweb/data_stats/download_data_files_detail.jsp?cboPufNumber=HC-243
PRPL,Person Round Plan,2022,HC-242,https://meps.ahrq.gov/mepsweb/data_stats/download_data_files_detail.jsp?cboPufNumber=HC-242
COND,Medical Conditions,2022,HC-241,https://meps.ahrq.gov/mepsweb/data_stats/download_data_files_detail.jsp?cboPufNumber=HC-241
FS,"Food Security (2016, 2017, 2020, 2021, 2022)",2022,HC-240,https://meps.ahrq.gov/mepsweb/data_stats/download_data_files_detail.jsp?cboPufNumber=HC-240
CLNK,Linkage: Condition-Event Link,2022,HC-239I,https://meps.ahrq.gov/mepsweb/data_stats/download_data_files_detail.jsp?cboPufNumber=HC-239I
HH,Event File - Home Health,2022,HC-239H,https://meps.ahrq.gov/mepsweb/data_stats/download_data_files_detail.jsp?cboPufNumber=HC-239H
OB,Event File - Office-Based Medical Provider Visits,2022,HC-239G,https://meps.ahrq.gov/mepsweb/data_stats/download_data_files_detail.jsp?cboPufNumber=HC-239G
OP,Event File - Outpatient Visits,2022,HC-239F,https://meps.ahrq.gov/mepsweb/data_stats/download_data_files_detail.jsp?cboPufNumber=HC-239F
ER,Event File - Emergency Room Visits,2022,HC-239E,https://meps.ahrq.gov/mepsweb/data_stats/download_data_files_detail.jsp?cboPufNumber=HC-239E
IP,Event File - Hospital Inpatient Stays,2022,HC-239D,https://meps.ahrq.gov/mepsweb/data_stats/download_data_files_detail.jsp?cboPufNumber=HC-239D
OM,Event File - Other Medical Expenses,2022,HC-239C,https://meps.ahrq.gov/mepsweb/data_stats/download_data_files_detail.jsp?cboPufNumber=HC-239C
DV,Event File - Dental Visits,2022,HC-239B,https://meps.ahrq.gov/mepsweb/data_stats/download_data_files_detail.jsp?cboPufNumber=HC-239B
RX,Event File - Prescribed Medicines,2022,HC-239A,https://meps.ahrq.gov/mepsweb/data_stats/download_data_files_detail.jsp?cboPufNumber=HC-239A
JOBS,Jobs File,2022,HC-237,https://meps.ahrq.gov/mepsweb/data_stats/download_data_files_detail.jsp?cboPufNumber=HC-237
FYC,Full-Year Consolidated File,2021,HC-233,https://meps.ahrq.gov/mepsweb/data_stats/download_data_files_detail.jsp?cboPufNumber=HC-233
PRPL,Person Round Plan,2021,HC-232,https://www.meps.ahrq.gov/mepsweb/data_stats/download_data_files_detail.jsp?cboPufNumber=HC-232
COND,Medical Conditions,2021,HC-231,https://www.meps.ahrq.gov/mepsweb/data_stats/download_data_files_detail.jsp?cboPufNumber=HC-231
FS,"Food Security (2016, 2017, 2020, 2021, 2022)",2021,HC-230,https://meps.ahrq.gov/mepsweb/data_stats/download_data_files_detail.jsp?cboPufNumber=HC-230
CLNK,Linkage: Condition-Event Link,2021,HC-229I,https://www.meps.ahrq.gov/mepsweb/data_stats/download_data_files_detail.jsp?cboPufNumber=HC-229I
HH,Event File - Home Health,2021,HC-229H,https://meps.ahrq.gov/mepsweb/data_stats/download_data_files_detail.jsp?cboPufNumber=HC-229H
OB,Event File - Office-Based Medical Provider Visits,2021,HC-229G,https://meps.ahrq.gov/mepsweb/data_stats/download_data_files_detail.jsp?cboPufNumber=HC-229G
OP,Event File - Outpatient Visits,2021,HC-229F,https://meps.ahrq.gov/mepsweb/data_stats/download_data_files_detail.jsp?cboPufNumber=HC-229F
ER,Event File - Emergency Room Visits,2021,HC-229E,https://meps.ahrq.gov/mepsweb/data_stats/download_data_files_detail.jsp?cboPufNumber=HC-229E
IP,Event File - Hospital Inpatient Stays,2021,HC-229D,https://meps.ahrq.gov/mepsweb/data_stats/download_data_files_detail.jsp?cboPufNumber=HC-229D
OM,Event File - Other Medical Expenses,2021,HC-229C,https://meps.ahrq.gov/mepsweb/data_stats/download_data_files_detail.jsp?cboPufNumber=HC-229C
DV,Event File - Dental Visits,2021,HC-229B,https://meps.ahrq.gov/mepsweb/data_stats/download_data_files_detail.jsp?cboPufNumber=HC-229B
RX,Event File - Prescribed Medicines,2021,HC-229A,https://meps.ahrq.gov/mepsweb/data_stats/download_data_files_detail.jsp?cboPufNumber=HC-229A
JOBS,Jobs File,2021,HC-227,https://www.meps.ahrq.gov/mepsweb/data_stats/download_data_files_detail.jsp?cboPufNumber=HC-227
FYC,Full-Year Consolidated File,2020,HC-224,https://www.meps.ahrq.gov/mepsweb/data_stats/download_data_files_detail.jsp?cboPufNumber=HC-224
PRPL,Person Round Plan,2020,HC-223,https://www.meps.ahrq.gov/mepsweb/data_stats/download_data_files_detail.jsp?cboPufNumber=HC-223
COND,Medical Conditions,2020,HC-222,https://www.meps.ahrq.gov/mepsweb/data_stats/download_data_files_detail.jsp?cboPufNumber=HC-222
FS,"Food Security (2016, 2017, 2020, 2021, 2022)",2020,HC-221,https://www.meps.ahrq.gov/mepsweb/data_stats/download_data_files_detail.jsp?cboPufNumber=HC-221
CLNK,Linkage: Condition-Event Link,2020,HC-220I,https://www.meps.ahrq.gov/mepsweb/data_stats/download_data_files_detail.jsp?cboPufNumber=HC-220I
RXLK,Linkage: RX-Event Link,2020,HC-220I,https://www.meps.ahrq.gov/mepsweb/data_stats/download_data_files_detail.jsp?cboPufNumber=HC-220I
HH,Event File - Home Health,2020,HC-220H,https://www.meps.ahrq.gov/mepsweb/data_stats/download_data_files_detail.jsp?cboPufNumber=HC-220H
OB,Event File - Office-Based Medical Provider Visits,2020,HC-220G,https://www.meps.ahrq.gov/mepsweb/data_stats/download_data_files_detail.jsp?cboPufNumber=HC-220G
OP,Event File - Outpatient Visits,2020,HC-220F,https://www.meps.ahrq.gov/mepsweb/data_stats/download_data_files_detail.jsp?cboPufNumber=HC-220F
ER,Event File - Emergency Room Visits,2020,HC-220E,https://www.meps.ahrq.gov/mepsweb/data_stats/download_data_files_detail.jsp?cboPufNumber=HC-220E
IP,Event File - Hospital Inpatient Stays,2020,HC-220D,https://www.meps.ahrq.gov/mepsweb/data_stats/download_data_files_detail.jsp?cboPufNumber=HC-220D
OM,Event File - Other Medical Expenses,2020,HC-220C,https://www.meps.ahrq.gov/mepsweb/data_stats/download_data_files_detail.jsp?cboPufNumber=HC-220C
DV,Event File - Dental Visits,2020,HC-220B,https://www.meps.ahrq.gov/mepsweb/data_stats/download_data_files_detail.jsp?cboPufNumber=HC-220B
RX,Event File - Prescribed Medicines,2020,HC-220A,https://www.meps.ahrq.gov/mepsweb/data_stats/download_data_files_detail.jsp?cboPufNumber=HC-220A
JOBS,Jobs File,2020,HC-218,https://www.meps.ahrq.gov/mepsweb/data_stats/download_data_files_detail.jsp?cboPufNumber=HC-218
FYC,Full-Year Consolidated File,2019,HC-216,https://www.meps.ahrq.gov/mepsweb/data_stats/download_data_files_detail.jsp?cboPufNumber=HC-216
PRPL,Person Round Plan,2019,HC-215,https://www.meps.ahrq.gov/mepsweb/data_stats/download_data_files_detail.jsp?cboPufNumber=HC-215
COND,Medical Conditions,2019,HC-214,https://www.meps.ahrq.gov/mepsweb/data_stats/download_data_files_detail.jsp?cboPufNumber=HC-214
CLNK,Linkage: Condition-Event Link,2019,HC-213I,https://www.meps.ahrq.gov/mepsweb/data_stats/download_data_files_detail.jsp?cboPufNumber=HC-213I
RXLK,Linkage: RX-Event Link,2019,HC-213I,https://www.meps.ahrq.gov/mepsweb/data_stats/download_data_files_detail.jsp?cboPufNumber=HC-213I
HH,Event File - Home Health,2019,HC-213H,https://www.meps.ahrq.gov/mepsweb/data_stats/download_data_files_detail.jsp?cboPufNumber=HC-213H
OB,Event File - Office-Based Medical Provider Visits,2019,HC-213G,https://www.meps.ahrq.gov/mepsweb/data_stats/download_data_files_detail.jsp?cboPufNumber=HC-213G
OP,Event File - Outpatient Visits,2019,HC-213F,https://www.meps.ahrq.gov/mepsweb/data_stats/download_data_files_detail.jsp?cboPufNumber=HC-213F
ER,Event File - Emergency Room Visits,2019,HC-213E,https://www.meps.ahrq.gov/mepsweb/data_stats/download_data_files_detail.jsp?cboPufNumber=HC-213E
IP,Event File - Hospital Inpatient Stays,2019,HC-213D,https://www.meps.ahrq.gov/mepsweb/data_stats/download_data_files_detail.jsp?cboPufNumber=HC-213D
OM,Event File - Other Medical Expenses,2019,HC-213C,https://www.meps.ahrq.gov/mepsweb/data_stats/download_data_files_detail.jsp?cboPufNumber=HC-213C
DV,Event File - Dental Visits,2019,HC-213B,https://www.meps.ahrq.gov/mepsweb/data_stats/download_data_files_detail.jsp?cboPufNumber=HC-213B
RX,Event File - Prescribed Medicines,2019,HC-213A,https://www.meps.ahrq.gov/mepsweb/data_stats/download_data_files_detail.jsp?cboPufNumber=HC-213A
JOBS,Jobs File,2019,HC-211,https://www.meps.ahrq.gov/mepsweb/data_stats/download_data_files_detail.jsp?cboPufNumber=HC-211
FYC,Full-Year Consolidated File,2018,HC-209,https://www.meps.ahrq.gov/mepsweb/data_stats/download_data_files_detail.jsp?cboPufNumber=HC-209
PRPL,Person Round Plan,2018,HC-208,https://www.meps.ahrq.gov/mepsweb/data_stats/download_data_files_detail.jsp?cboPufNumber=HC-208
COND,Medical Conditions,2018,HC-207,https://www.meps.ahrq.gov/mepsweb/data_stats/download_data_files_detail.jsp?cboPufNumber=HC-207
CLNK,Linkage: Condition-Event Link,2018,HC-206I,https://www.meps.ahrq.gov/mepsweb/data_stats/download_data_files_detail.jsp?cboPufNumber=HC-206I
RXLK,Linkage: RX-Event Link,2018,HC-206I,https://www.meps.ahrq.gov/mepsweb/data_stats/download_data_files_detail.jsp?cboPufNumber=HC-206I
HH,Event File - Home Health,2018,HC-206H,https://www.meps.ahrq.gov/mepsweb/data_stats/download_data_files_detail.jsp?cboPufNumber=HC-206H
OB,Event File - Office-Based Medical Provider Visits,2018,HC-206G,https://www.meps.ahrq.gov/mepsweb/data_stats/download_data_files_detail.jsp?cboPufNumber=HC-206G
OP,Event File - Outpatient Visits,2018,HC-206F,https://www.meps.ahrq.gov/mepsweb/data_stats/download_data_files_detail.jsp?cboPufNumber=HC-206F
ER,Event File - Emergency Room Visits,2018,HC-206E,https://www.meps.ahrq.gov/mepsweb/data_stats/download_data_files_detail.jsp?cboPufNumber=HC-206E
IP,Event File - Hospital Inpatient Stays,2018,HC-206D,https://www.meps.ahrq.gov/mepsweb/data_stats/download_data_files_detail.jsp?cboPufNumber=HC-206D
OM,Event File - Other Medical Expenses,2018,HC-206C,https://www.meps.ahrq.gov/mepsweb/data_stats/download_data_files_detail.jsp?cboPufNumber=HC-206C
DV,Event File - Dental Visits,2018,HC-206B,https://www.meps.ahrq.gov/mepsweb/data_stats/download_data_files_detail.jsp?cboPufNumber=HC-206B
RX,Event File - Prescribed Medicines,2018,HC-206A,https://www.meps.ahrq.gov/mepsweb/data_stats/download_data_files_detail.jsp?cboPufNumber=HC-206A
PIT,Point-In-Time (1996-2019),2019,HC-205,https://www.meps.ahrq.gov/mepsweb/data_stats/download_data_files_detail.jsp?cboPufNumber=HC-205
JOBS,Jobs File,2018,HC-203,https://www.meps.ahrq.gov/mepsweb/data_stats/download_data_files_detail.jsp?cboPufNumber=HC-203
FYC,Full-Year Consolidated File,2017,HC-201,https://www.meps.ahrq.gov/mepsweb/data_stats/download_data_files_detail.jsp?cboPufNumber=HC-201
PRPL,Person Round Plan,2017,HC-200,https://www.meps.ahrq.gov/mepsweb/data_stats/download_data_files_detail.jsp?cboPufNumber=HC-200
COND,Medical Conditions,2017,HC-199,https://www.meps.ahrq.gov/mepsweb/data_stats/download_data_files_detail.jsp?cboPufNumber=HC-199
FS,"Food Security (2016, 2017, 2020, 2021, 2022)",2017,HC-198,https://www.meps.ahrq.gov/mepsweb/data_stats/download_data_files_detail.jsp?cboPufNumber=HC-198
CLNK,Linkage: Condition-Event Link,2017,HC-197I,https://www.meps.ahrq.gov/mepsweb/data_stats/download_data_files_detail.jsp?cboPufNumber=HC-197I
RXLK,Linkage: RX-Event Link,2017,HC-197I,https://www.meps.ahrq.gov/mepsweb/data_stats/download_data_files_detail.jsp?cboPufNumber=HC-197I
HH,Event File - Home Health,2017,HC-197H,https://www.meps.ahrq.gov/mepsweb/data_stats/download_data_files_detail.jsp?cboPufNumber=HC-197H
OB,Event File - Office-Based Medical Provider Visits,2017,HC-197G,https://www.meps.ahrq.gov/mepsweb/data_stats/download_data_files_detail.jsp?cboPufNumber=HC-197G
OP,Event File - Outpatient Visits,2017,HC-197F,https://www.meps.ahrq.gov/mepsweb/data_stats/download_data_files_detail.jsp?cboPufNumber=HC-197F
ER,Event File - Emergency Room Visits,2017,HC-197E,https://www.meps.ahrq.gov/mepsweb/data_stats/download_data_files_detail.jsp?cboPufNumber=HC-197E
IP,Event File - Hospital Inpatient Stays,2017,HC-197D,https://www.meps.ahrq.gov/mepsweb/data_stats/download_data_files_detail.jsp?cboPufNumber=HC-197D
OM,Event File - Other Medical Expenses,2017,HC-197C,https://www.meps.ahrq.gov/mepsweb/data_stats/download_data_files_detail.jsp?cboPufNumber=HC-197C
DV,Event File - Dental Visits,2017,HC-197B,https://www.meps.ahrq.gov/mepsweb/data_stats/download_data_files_detail.jsp?cboPufNumber=HC-197B
RX,Event File - Prescribed Medicines,2017,HC-197A,https://www.meps.ahrq.gov/mepsweb/data_stats/download_data_files_detail.jsp?cboPufNumber=HC-197A
PIT,Point-In-Time (1996-2019),2018,HC-196,https://www.meps.ahrq.gov/mepsweb/data_stats/download_data_files_detail.jsp?cboPufNumber=HC-196
JOBS,Jobs File,2017,HC-195,https://www.meps.ahrq.gov/mepsweb/data_stats/download_data_files_detail.jsp?cboPufNumber=HC-195
FYC,Full-Year Consolidated File,2016,HC-192,https://www.meps.ahrq.gov/mepsweb/data_stats/download_data_files_detail.jsp?cboPufNumber=HC-192
PRPL,Person Round Plan,2016,HC-191,https://www.meps.ahrq.gov/mepsweb/data_stats/download_data_files_detail.jsp?cboPufNumber=HC-191
COND,Medical Conditions,2016,HC-190,https://www.meps.ahrq.gov/mepsweb/data_stats/download_data_files_detail.jsp?cboPufNumber=HC-190
FS,"Food Security (2016, 2017, 2020, 2021, 2022)",2016,HC-189,https://www.meps.ahrq.gov/mepsweb/data_stats/download_data_files_detail.jsp?cboPufNumber=HC-189
CLNK,Linkage: Condition-Event Link,2016,HC-188I,https://www.meps.ahrq.gov/mepsweb/data_stats/download_data_files_detail.jsp?cboPufNumber=HC-188I
RXLK,Linkage: RX-Event Link,2016,HC-188I,https://www.meps.ahrq.gov/mepsweb/data_stats/download_data_files_detail.jsp?cboPufNumber=HC-188I
HH,Event File - Home Health,2016,HC-188H,https://www.meps.ahrq.gov/mepsweb/data_stats/download_data_files_detail.jsp?cboPufNumber=HC-188H
OB,Event File - Office-Based Medical Provider Visits,2016,HC-188G,https://www.meps.ahrq.gov/mepsweb/data_stats/download_data_files_detail.jsp?cboPufNumber=HC-188G
OP,Event File - Outpatient Visits,2016,HC-188F,https://www.meps.ahrq.gov/mepsweb/data_stats/download_data_files_detail.jsp?cboPufNumber=HC-188F
ER,Event File - Emergency Room Visits,2016,HC-188E,https://www.meps.ahrq.gov/mepsweb/data_stats/download_data_files_detail.jsp?cboPufNumber=HC-188E
IP,Event File - Hospital Inpatient Stays,2016,HC-188D,https://www.meps.ahrq.gov/mepsweb/data_stats/download_data_files_detail.jsp?cboPufNumber=HC-188D
OM,Event File - Other Medical Expenses,2016,HC-188C,https://www.meps.ahrq.gov/mepsweb/data_stats/download_data_files_detail.jsp?cboPufNumber=HC-188C
DV,Event File - Dental Visits,2016,HC-188B,https://www.meps.ahrq.gov/mepsweb/data_stats/download_data_files_detail.jsp?cboPufNumber=HC-188B
RX,Event File - Prescribed Medicines,2016,HC-188A,https://www.meps.ahrq.gov/mepsweb/data_stats/download_data_files_detail.jsp?cboPufNumber=HC-188A
MOS,Medical Organizations Survey (2015-2016),2016,HC-187,https://www.meps.ahrq.gov/mepsweb/data_stats/download_data_files_detail.jsp?cboPufNumber=HC-187
PIT,Point-In-Time (1996-2019),2017,HC-186,https://www.meps.ahrq.gov/mepsweb/data_stats/download_data_files_detail.jsp?cboPufNumber=HC-186
JOBS,Jobs File,2016,HC-185,https://www.meps.ahrq.gov/mepsweb/data_stats/download_data_files_detail.jsp?cboPufNumber=HC-185
MOS,Medical Organizations Survey (2015-2016),2015,HC-182,https://www.meps.ahrq.gov/mepsweb/data_stats/download_data_files_detail.jsp?cboPufNumber=HC-182
FYC,Full-Year Consolidated File,2015,HC-181,https://www.meps.ahrq.gov/mepsweb/data_stats/download_data_files_detail.jsp?cboPufNumber=HC-181
COND,Medical Conditions,2015,HC-180,https://www.meps.ahrq.gov/mepsweb/data_stats/download_data_files_detail.jsp?cboPufNumber=HC-180
PRPL,Person Round Plan,2015,HC-179,https://www.meps.ahrq.gov/mepsweb/data_stats/download_data_files_detail.jsp?cboPufNumber=HC-179
CLNK,Linkage: Condition-Event Link,2015,HC-178I,https://www.meps.ahrq.gov/mepsweb/data_stats/download_data_files_detail.jsp?cboPufNumber=HC-178I
RXLK,Linkage: RX-Event Link,2015,HC-178I,https://www.meps.ahrq.gov/mepsweb/data_stats/download_data_files_detail.jsp?cboPufNumber=HC-178I
HH,Event File - Home Health,2015,HC-178H,https://www.meps.ahrq.gov/mepsweb/data_stats/download_data_files_detail.jsp?cboPufNumber=HC-178H
OB,Event File - Office-Based Medical Provider Visits,2015,HC-178G,https://www.meps.ahrq.gov/mepsweb/data_stats/download_data_files_detail.jsp?cboPufNumber=HC-178G
OP,Event File - Outpatient Visits,2015,HC-178F,https://www.meps.ahrq.gov/mepsweb/data_stats/download_data_files_detail.jsp?cboPufNumber=HC-178F
ER,Event File - Emergency Room Visits,2015,HC-178E,https://www.meps.ahrq.gov/mepsweb/data_stats/download_data_files_detail.jsp?cboPufNumber=HC-178E
IP,Event File - Hospital Inpatient Stays,2015,HC-178D,https://www.meps.ahrq.gov/mepsweb/data_stats/download_data_files_detail.jsp?cboPufNumber=HC-178D
OM,Event File - Other Medical Expenses,2015,HC-178C,https://www.meps.ahrq.gov/mepsweb/data_stats/download_data_files_detail.jsp?cboPufNumber=HC-178C
DV,Event File - Dental Visits,2015,HC-178B,https://www.meps.ahrq.gov/mepsweb/data_stats/download_data_files_detail.jsp?cboPufNumber=HC-178B
RX,Event File - Prescribed Medicines,2015,HC-178A,https://www.meps.ahrq.gov/mepsweb/data_stats/download_data_files_detail.jsp?cboPufNumber=HC-178A
PIT,Point-In-Time (1996-2019),2016,HC-177,https://www.meps.ahrq.gov/mepsweb/data_stats/download_data_files_detail.jsp?cboPufNumber=HC-177
JOBS,Jobs File,2015,HC-176,https://www.meps.ahrq.gov/mepsweb/data_stats/download_data_files_detail.jsp?cboPufNumber=HC-176
PSAQ,Preventive Self-Administered Questionnaire (2014),2014,HC-173,https://www.meps.ahrq.gov/mepsweb/data_stats/download_data_files_detail.jsp?cboPufNumber=HC-173
FYC,Full-Year Consolidated File,2014,HC-171,https://www.meps.ahrq.gov/mepsweb/data_stats/download_data_files_detail.jsp?cboPufNumber=HC-171
COND,Medical Conditions,2014,HC-170,https://www.meps.ahrq.gov/mepsweb/data_stats/download_data_files_detail.jsp?cboPufNumber=HC-170
PRPL,Person Round Plan,2014,HC-169,https://www.meps.ahrq.gov/mepsweb/data_stats/download_data_files_detail.jsp?cboPufNumber=HC-169
CLNK,Linkage: Condition-Event Link,2014,HC-168I,https://www.meps.ahrq.gov/mepsweb/data_stats/download_data_files_detail.jsp?cboPufNumber=HC-168I
RXLK,Linkage: RX-Event Link,2014,HC-168I,https://www.meps.ahrq.gov/mepsweb/data_stats/download_data_files_detail.jsp?cboPufNumber=HC-168I
HH,Event File - Home Health,2014,HC-168H,https://www.meps.ahrq.gov/mepsweb/data_stats/download_data_files_detail.jsp?cboPufNumber=HC-168H
OB,Event File - Office-Based Medical Provider Visits,2014,HC-168G,https://www.meps.ahrq.gov/mepsweb/data_stats/download_data_files_detail.jsp?cboPufNumber=HC-168G
OP,Event File - Outpatient Visits,2014,HC-168F,https://www.meps.ahrq.gov/mepsweb/data_stats/download_data_files_detail.jsp?cboPufNumber=HC-168F
ER,Event File - Emergency Room Visits,2014,HC-168E,https://www.meps.ahrq.gov/mepsweb/data_stats/download_data_files_detail.jsp?cboPufNumber=HC-168E
IP,Event File - Hospital Inpatient Stays,2014,HC-168D,https://www.meps.ahrq.gov/mepsweb/data_stats/download_data_files_detail.jsp?cboPufNumber=HC-168D
OM,Event File - Other Medical Expenses,2014,HC-168C,https://www.meps.ahrq.gov/mepsweb/data_stats/download_data_files_detail.jsp?cboPufNumber=HC-168C
DV,Event File - Dental Visits,2014,HC-168B,https://www.meps.ahrq.gov/mepsweb/data_stats/download_data_files_detail.jsp?cboPufNumber=HC-168B
RX,Event File - Prescribed Medicines,2014,HC-168A,https://www.meps.ahrq.gov/mepsweb/data_stats/download_data_files_detail.jsp?cboPufNumber=HC-168A
PIT,Point-In-Time (1996-2019),2015,HC-167,https://www.meps.ahrq.gov/mepsweb/data_stats/download_data_files_detail.jsp?cboPufNumber=HC-167
JOBS,Jobs File,2014,HC-166,https://www.meps.ahrq.gov/mepsweb/data_stats/download_data_files_detail.jsp?cboPufNumber=HC-166
FYC,Full-Year Consolidated File,2013,HC-163,https://www.meps.ahrq.gov/mepsweb/data_stats/download_data_files_detail.jsp?cboPufNumber=HC-163
COND,Medical Conditions,2013,HC-162,https://www.meps.ahrq.gov/mepsweb/data_stats/download_data_files_detail.jsp?cboPufNumber=HC-162
PRPL,Person Round Plan,2013,HC-161,https://www.meps.ahrq.gov/mepsweb/data_stats/download_data_files_detail.jsp?cboPufNumber=HC-161
CLNK,Linkage: Condition-Event Link,2013,HC-160I,https://www.meps.ahrq.gov/mepsweb/data_stats/download_data_files_detail.jsp?cboPufNumber=HC-160I
RXLK,Linkage: RX-Event Link,2013,HC-160I,https://www.meps.ahrq.gov/mepsweb/data_stats/download_data_files_detail.jsp?cboPufNumber=HC-160I
HH,Event File - Home Health,2013,HC-160H,https://www.meps.ahrq.gov/mepsweb/data_stats/download_data_files_detail.jsp?cboPufNumber=HC-160H
OB,Event File - Office-Based Medical Provider Visits,2013,HC-160G,https://www.meps.ahrq.gov/mepsweb/data_stats/download_data_files_detail.jsp?cboPufNumber=HC-160G
OP,Event File - Outpatient Visits,2013,HC-160F,https://www.meps.ahrq.gov/mepsweb/data_stats/download_data_files_detail.jsp?cboPufNumber=HC-160F
ER,Event File - Emergency Room Visits,2013,HC-160E,https://www.meps.ahrq.gov/mepsweb/data_stats/download_data_files_detail.jsp?cboPufNumber=HC-160E
IP,Event File - Hospital Inpatient Stays,2013,HC-160D,https://www.meps.ahrq.gov/mepsweb/data_stats/download_data_files_detail.jsp?cboPufNumber=HC-160D
OM,Event File - Other Medical Expenses,2013,HC-160C,https://www.meps.ahrq.gov/mepsweb/data_stats/download_data_files_detail.jsp?cboPufNumber=HC-160C
DV,Event File - Dental Visits,2013,HC-160B,https://www.meps.ahrq.gov/mepsweb/data_stats/download_data_files_detail.jsp?cboPufNumber=HC-160B
RX,Event File - Prescribed Medicines,2013,HC-160A,https://www.meps.ahrq.gov/mepsweb/data_stats/download_data_files_detail.jsp?cboPufNumber=HC-160A
PIT,Point-In-Time (1996-2019),2014,HC-159,https://www.meps.ahrq.gov/mepsweb/data_stats/download_data_files_detail.jsp?cboPufNumber=HC-159
JOBS,Jobs File,2013,HC-158,https://www.meps.ahrq.gov/mepsweb/data_stats/download_data_files_detail.jsp?cboPufNumber=HC-158
FYC,Full-Year Consolidated File,2012,HC-155,https://www.meps.ahrq.gov/mepsweb/data_stats/download_data_files_detail.jsp?cboPufNumber=HC-155
COND,Medical Conditions,2012,HC-154,https://www.meps.ahrq.gov/mepsweb/data_stats/download_data_files_detail.jsp?cboPufNumber=HC-154
PRPL,Person Round Plan,2012,HC-153,https://www.meps.ahrq.gov/mepsweb/data_stats/download_data_files_detail.jsp?cboPufNumber=HC-153
CLNK,Linkage: Condition-Event Link,2012,HC-152I,https://www.meps.ahrq.gov/mepsweb/data_stats/download_data_files_detail.jsp?cboPufNumber=HC-152I
RXLK,Linkage: RX-Event Link,2012,HC-152I,https://www.meps.ahrq.gov/mepsweb/data_stats/download_data_files_detail.jsp?cboPufNumber=HC-152I
HH,Event File - Home Health,2012,HC-152H,https://www.meps.ahrq.gov/mepsweb/data_stats/download_data_files_detail.jsp?cboPufNumber=HC-152H
OB,Event File - Office-Based Medical Provider Visits,2012,HC-152G,https://www.meps.ahrq.gov/mepsweb/data_stats/download_data_files_detail.jsp?cboPufNumber=HC-152G
OP,Event File - Outpatient Visits,2012,HC-152F,https://www.meps.ahrq.gov/mepsweb/data_stats/download_data_files_detail.jsp?cboPufNumber=HC-152F
ER,Event File - Emergency Room Visits,2012,HC-152E,https://www.meps.ahrq.gov/mepsweb/data_stats/download_data_files_detail.jsp?cboPufNumber=HC-152E
IP,Event File - Hospital Inpatient Stays,2012,HC-152D,https://www.meps.ahrq.gov/mepsweb/data_stats/download_data_files_detail.jsp?cboPufNumber=HC-152D
OM,Event File - Other Medical Expenses,2012,HC-152C,https://www.meps.ahrq.gov/mepsweb/data_stats/download_data_files_detail.jsp?cboPufNumber=HC-152C
DV,Event File - Dental Visits,2012,HC-152B,https://www.meps.ahrq.gov/mepsweb/data_stats/download_data_files_detail.jsp?cboPufNumber=HC-152B
RX,Event File - Prescribed Medicines,2012,HC-152A,https://www.meps.ahrq.gov/mepsweb/data_stats/download_data_files_detail.jsp?cboPufNumber=HC-152A
PIT,Point-In-Time (1996-2019),2013,HC-151,https://www.meps.ahrq.gov/mepsweb/data_stats/download_data_files_detail.jsp?cboPufNumber=HC-151
JOBS,Jobs File,2012,HC-150,https://www.meps.ahrq.gov/mepsweb/data_stats/download_data_files_detail.jsp?cboPufNumber=HC-150
FYC,Full-Year Consolidated File,2011,HC-147,https://www.meps.ahrq.gov/mepsweb/data_stats/download_data_files_detail.jsp?cboPufNumber=HC-147
COND,Medical Conditions,2011,HC-146,https://www.meps.ahrq.gov/mepsweb/data_stats/download_data_files_detail.jsp?cboPufNumber=HC-146
PRPL,Person Round Plan,2011,HC-145,https://www.meps.ahrq.gov/mepsweb/data_stats/download_data_files_detail.jsp?cboPufNumber=HC-145
CLNK,Linkage: Condition-Event Link,2011,HC-144I,https://www.meps.ahrq.gov/mepsweb/data_stats/download_data_files_detail.jsp?cboPufNumber=HC-144I
RXLK,Linkage: RX-Event Link,2011,HC-144I,https://www.meps.ahrq.gov/mepsweb/data_stats/download_data_files_detail.jsp?cboPufNumber=HC-144I
HH,Event File - Home Health,2011,HC-144H,https://www.meps.ahrq.gov/mepsweb/data_stats/download_data_files_detail.jsp?cboPufNumber=HC-144H
OB,Event File - Office-Based Medical Provider Visits,2011,HC-144G,https://www.meps.ahrq.gov/mepsweb/data_stats/download_data_files_detail.jsp?cboPufNumber=HC-144G
OP,Event File - Outpatient Visits,2011,HC-144F,https://www.meps.ahrq.gov/mepsweb/data_stats/download_data_files_detail.jsp?cboPufNumber=HC-144F
ER,Event File - Emergency Room Visits,2011,HC-144E,https://www.meps.ahrq.gov/mepsweb/data_stats/download_data_files_detail.jsp?cboPufNumber=HC-144E
IP,Event File - Hospital Inpatient Stays,2011,HC-144D,https://www.meps.ahrq.gov/mepsweb/data_stats/download_data_files_detail.jsp?cboPufNumber=HC-144D
OM,Event File - Other Medical Expenses,2011,HC-144C,https://www.meps.ahrq.gov/mepsweb/data_stats/download_data_files_detail.jsp?cboPufNumber=HC-144C
DV,Event File - Dental Visits,2011,HC-144B,https://www.meps.ahrq.gov/mepsweb/data_stats/download_data_files_detail.jsp?cboPufNumber=HC-144B
RX,Event File - Prescribed Medicines,2011,HC-144A,https://www.meps.ahrq.gov/mepsweb/data_stats/download_data_files_detail.jsp?cboPufNumber=HC-144A
PIT,Point-In-Time (1996-2019),2012,HC-143,https://www.meps.ahrq.gov/mepsweb/data_stats/download_data_files_detail.jsp?cboPufNumber=HC-143
JOBS,Jobs File,2011,HC-142,https://www.meps.ahrq.gov/mepsweb/data_stats/download_data_files_detail.jsp?cboPufNumber=HC-142
FYC,Full-Year Consolidated File,2010,HC-138,https://www.meps.ahrq.gov/mepsweb/data_stats/download_data_files_detail.jsp?cboPufNumber=HC-138
COND,Medical Conditions,2010,HC-137,https://www.meps.ahrq.gov/mepsweb/data_stats/download_data_files_detail.jsp?cboPufNumber=HC-137
PRPL,Person Round Plan,2010,HC-136,https://www.meps.ahrq.gov/mepsweb/data_stats/download_data_files_detail.jsp?cboPufNumber=HC-136
CLNK,Linkage: Condition-Event Link,2010,HC-135I,https://www.meps.ahrq.gov/mepsweb/data_stats/download_data_files_detail.jsp?cboPufNumber=HC-135I
RXLK,Linkage: RX-Event Link,2010,HC-135I,https://www.meps.ahrq.gov/mepsweb/data_stats/download_data_files_detail.jsp?cboPufNumber=HC-135I
HH,Event File - Home Health,2010,HC-135H,https://www.meps.ahrq.gov/mepsweb/data_stats/download_data_files_detail.jsp?cboPufNumber=HC-135H
OB,Event File - Office-Based Medical Provider Visits,2010,HC-135G,https://www.meps.ahrq.gov/mepsweb/data_stats/download_data_files_detail.jsp?cboPufNumber=HC-135G
OP,Event File - Outpatient Visits,2010,HC-135F,https://www.meps.ahrq.gov/mepsweb/data_stats/download_data_files_detail.jsp?cboPufNumber=HC-135F
ER,Event File - Emergency Room Visits,2010,HC-135E,https://www.meps.ahrq.gov/mepsweb/data_stats/download_data_files_detail.jsp?cboPufNumber=HC-135E
IP,Event File - Hospital Inpatient Stays,2010,HC-135D,https://www.meps.ahrq.gov/mepsweb/data_stats/download_data_files_detail.jsp?cboPufNumber=HC-135D
OM,Event File - Other Medical Expenses,2010,HC-135C,https://www.meps.ahrq.gov/mepsweb/data_stats/download_data_files_detail.jsp?cboPufNumber=HC-135C
DV,Event File - Dental Visits,2010,HC-135B,https://www.meps.ahrq.gov/mepsweb/data_stats/download_data_files_detail.jsp?cboPufNumber=HC-135B
RX,Event File - Prescribed Medicines,2010,HC-135A,https://www.meps.ahrq.gov/mepsweb/data_stats/download_data_files_detail.jsp?cboPufNumber=HC-135A
PIT,Point-In-Time (1996-2019),2011,HC-134,https://www.meps.ahrq.gov/mepsweb/data_stats/download_data_files_detail.jsp?cboPufNumber=HC-134
JOBS,Jobs File,2010,HC-133,https://www.meps.ahrq.gov/mepsweb/data_stats/download_data_files_detail.jsp?cboPufNumber=HC-133
FYC,Full-Year Consolidated File,2009,HC-129,https://www.meps.ahrq.gov/mepsweb/data_stats/download_data_files_detail.jsp?cboPufNumber=HC-129
COND,Medical Conditions,2009,HC-128,https://www.meps.ahrq.gov/mepsweb/data_stats/download_data_files_detail.jsp?cboPufNumber=HC-128
PRPL,Person Round Plan,2009,HC-127,https://www.meps.ahrq.gov/mepsweb/data_stats/download_data_files_detail.jsp?cboPufNumber=HC-127
CLNK,Linkage: Condition-Event Link,2009,HC-126I,https://www.meps.ahrq.gov/mepsweb/data_stats/download_data_files_detail.jsp?cboPufNumber=HC-126I
RXLK,Linkage: RX-Event Link,2009,HC-126I,https://www.meps.ahrq.gov/mepsweb/data_stats/download_data_files_detail.jsp?cboPufNumber=HC-126I
HH,Event File - Home Health,2009,HC-126H,https://www.meps.ahrq.gov/mepsweb/data_stats/download_data_files_detail.jsp?cboPufNumber=HC-126H
OB,Event File - Office-Based Medical Provider Visits,2009,HC-126G,https://www.meps.ahrq.gov/mepsweb/data_stats/download_data_files_detail.jsp?cboPufNumber=HC-126G
OP,Event File - Outpatient Visits,2009,HC-126F,https://www.meps.ahrq.gov/mepsweb/data_stats/download_data_files_detail.jsp?cboPufNumber=HC-126F
ER,Event File - Emergency Room Visits,2009,HC-126E,https://www.meps.ahrq.gov/mepsweb/data_stats/download_data_files_detail.jsp?cboPufNumber=HC-126E
IP,Event File - Hospital Inpatient Stays,2009,HC-126D,https://www.meps.ahrq.gov/mepsweb/data_stats/download_data_files_detail.jsp?cboPufNumber=HC-126D
OM,Event File - Other Medical Expenses,2009,HC-126C,https://www.meps.ahrq.gov/mepsweb/data_stats/download_data_files_detail.jsp?cboPufNumber=HC-126C
DV,Event File - Dental Visits,2009,HC-126B,https://www.meps.ahrq.gov/mepsweb/data_stats/download_data_files_detail.jsp?cboPufNumber=HC-126B
RX,Event File - Prescribed Medicines,2009,HC-126A,https://www.meps.ahrq.gov/mepsweb/data_stats/download_data_files_detail.jsp?cboPufNumber=HC-126A
PIT,Point-In-Time (1996-2019),2010,HC-125,https://www.meps.ahrq.gov/mepsweb/data_stats/download_data_files_detail.jsp?cboPufNumber=HC-125
JOBS,Jobs File,2009,HC-124,https://www.meps.ahrq.gov/mepsweb/data_stats/download_data_files_detail.jsp?cboPufNumber=HC-124
FYC,Full-Year Consolidated File,2008,HC-121,https://www.meps.ahrq.gov/mepsweb/data_stats/download_data_files_detail.jsp?cboPufNumber=HC-121
COND,Medical Conditions,2008,HC-120,https://www.meps.ahrq.gov/mepsweb/data_stats/download_data_files_detail.jsp?cboPufNumber=HC-120
PRPL,Person Round Plan,2008,HC-119,https://www.meps.ahrq.gov/mepsweb/data_stats/download_data_files_detail.jsp?cboPufNumber=HC-119
CLNK,Linkage: Condition-Event Link,2008,HC-118I,https://www.meps.ahrq.gov/mepsweb/data_stats/download_data_files_detail.jsp?cboPufNumber=HC-118I
RXLK,Linkage: RX-Event Link,2008,HC-118I,https://www.meps.ahrq.gov/mepsweb/data_stats/download_data_files_detail.jsp?cboPufNumber=HC-118I
HH,Event File - Home Health,2008,HC-118H,https://www.meps.ahrq.gov/mepsweb/data_stats/download_data_files_detail.jsp?cboPufNumber=HC-118H
OB,Event File - Office-Based Medical Provider Visits,2008,HC-118G,https://www.meps.ahrq.gov/mepsweb/data_stats/download_data_files_detail.jsp?cboPufNumber=HC-118G
OP,Event File - Outpatient Visits,2008,HC-118F,https://www.meps.ahrq.gov/mepsweb/data_stats/download_data_files_detail.jsp?cboPufNumber=HC-118F
ER,Event File - Emergency Room Visits,2008,HC-118E,https://www.meps.ahrq.gov/mepsweb/data_stats/download_data_files_detail.jsp?cboPufNumber=HC-118E
IP,Event File - Hospital Inpatient Stays,2008,HC-118D,https://www.meps.ahrq.gov/mepsweb/data_stats/download_data_files_detail.jsp?cboPufNumber=HC-118D
OM,Event File - Other Medical Expenses,2008,HC-118C,https://www.meps.ahrq.gov/mepsweb/data_stats/download_data_files_detail.jsp?cboPufNumber=HC-118C
DV,Event File - Dental Visits,2008,HC-118B,https://www.meps.ahrq.gov/mepsweb/data_stats/download_data_files_detail.jsp?cboPufNumber=HC-118B
RX,Event File - Prescribed Medicines,2008,HC-118A,https://www.meps.ahrq.gov/mepsweb/data_stats/download_data_files_detail.jsp?cboPufNumber=HC-118A
PIT,Point-In-Time (1996-2019),2009,HC-117,https://www.meps.ahrq.gov/mepsweb/data_stats/download_data_files_detail.jsp?cboPufNumber=HC-117
JOBS,Jobs File,2008,HC-116,https://www.meps.ahrq.gov/mepsweb/data_stats/download_data_files_detail.jsp?cboPufNumber=HC-116
FYC,Full-Year Consolidated File,2007,HC-113,https://www.meps.ahrq.gov/mepsweb/data_stats/download_data_files_detail.jsp?cboPufNumber=HC-113
COND,Medical Conditions,2007,HC-112,https://www.meps.ahrq.gov/mepsweb/data_stats/download_data_files_detail.jsp?cboPufNumber=HC-112
PRPL,Person Round Plan,2007,HC-111,https://www.meps.ahrq.gov/mepsweb/data_stats/download_data_files_detail.jsp?cboPufNumber=HC-111
CLNK,Linkage: Condition-Event Link,2007,HC-110I,https://www.meps.ahrq.gov/mepsweb/data_stats/download_data_files_detail.jsp?cboPufNumber=HC-110I
RXLK,Linkage: RX-Event Link,2007,HC-110I,https://www.meps.ahrq.gov/mepsweb/data_stats/download_data_files_detail.jsp?cboPufNumber=HC-110I
HH,Event File - Home Health,2007,HC-110H,https://www.meps.ahrq.gov/mepsweb/data_stats/download_data_files_detail.jsp?cboPufNumber=HC-110H
OB,Event File - Office-Based Medical Provider Visits,2007,HC-110G,https://www.meps.ahrq.gov/mepsweb/data_stats/download_data_files_detail.jsp?cboPufNumber=HC-110G
OP,Event File - Outpatient Visits,2007,HC-110F,https://www.meps.ahrq.gov/mepsweb/data_stats/download_data_files_detail.jsp?cboPufNumber=HC-110F
ER,Event File - Emergency Room Visits,2007,HC-110E,https://www.meps.ahrq.gov/mepsweb/data_stats/download_data_files_detail.jsp?cboPufNumber=HC-110E
IP,Event File - Hospital Inpatient Stays,2007,HC-110D,https://www.meps.ahrq.gov/mepsweb/data_stats/download_data_files_detail.jsp?cboPufNumber=HC-110D
OM,Event File - Other Medical Expenses,2007,HC-110C,https://www.meps.ahrq.gov/mepsweb/data_stats/download_data_files_detail.jsp?cboPufNumber=HC-110C
DV,Event File - Dental Visits,2007,HC-110B,https://www.meps.ahrq.gov/mepsweb/data_stats/download_data_files_detail.jsp?cboPufNumber=HC-110B
RX,Event File - Prescribed Medicines,2007,HC-110A,https://www.meps.ahrq.gov/mepsweb/data_stats/download_data_files_detail.jsp?cboPufNumber=HC-110A
PIT,Point-In-Time (1996-2019),2008,HC-109,https://www.meps.ahrq.gov/mepsweb/data_stats/download_data_files_detail.jsp?cboPufNumber=HC-109
JOBS,Jobs File,2007,HC-108,https://www.meps.ahrq.gov/mepsweb/data_stats/download_data_files_detail.jsp?cboPufNumber=HC-108
FYC,Full-Year Consolidated File,2006,HC-105,https://www.meps.ahrq.gov/mepsweb/data_stats/download_data_files_detail.jsp?cboPufNumber=HC-105
COND,Medical Conditions,2006,HC-104,https://www.meps.ahrq.gov/mepsweb/data_stats/download_data_files_detail.jsp?cboPufNumber=HC-104
PRPL,Person Round Plan,2006,HC-103,https://www.meps.ahrq.gov/mepsweb/data_stats/download_data_files_detail.jsp?cboPufNumber=HC-103
CLNK,Linkage: Condition-Event Link,2006,HC-102I,https://www.meps.ahrq.gov/mepsweb/data_stats/download_data_files_detail.jsp?cboPufNumber=HC-102I
RXLK,Linkage: RX-Event Link,2006,HC-102I,https://www.meps.ahrq.gov/mepsweb/data_stats/download_data_files_detail.jsp?cboPufNumber=HC-102I
HH,Event File - Home Health,2006,HC-102H,https://www.meps.ahrq.gov/mepsweb/data_stats/download_data_files_detail.jsp?cboPufNumber=HC-102H
OB,Event File - Office-Based Medical Provider Visits,2006,HC-102G,https://www.meps.ahrq.gov/mepsweb/data_stats/download_data_files_detail.jsp?cboPufNumber=HC-102G
OP,Event File - Outpatient Visits,2006,HC-102F,https://www.meps.ahrq.gov/mepsweb/data_stats/download_data_files_detail.jsp?cboPufNumber=HC-102F
ER,Event File - Emergency Room Visits,2006,HC-102E,https://www.meps.ahrq.gov/mepsweb/data_stats/download_data_files_detail.jsp?cboPufNumber=HC-102E
IP,Event File - Hospital Inpatient Stays,2006,HC-102D,https://www.meps.ahrq.gov/mepsweb/data_stats/download_data_files_detail.jsp?cboPufNumber=HC-102D
OM,Event File - Other Medical Expenses,2006,HC-102C,https://www.meps.ahrq.gov/mepsweb/data_stats/download_data_files_detail.jsp?cboPufNumber=HC-102C
DV,Event File - Dental Visits,2006,HC-102B,https://www.meps.ahrq.gov/mepsweb/data_stats/download_data_files_detail.jsp?cboPufNumber=HC-102B
RX,Event File - Prescribed Medicines,2006,HC-102A,https://www.meps.ahrq.gov/mepsweb/data_stats/download_data_files_detail.jsp?cboPufNumber=HC-102A
PIT,Point-In-Time (1996-2019),2007,HC-101,https://www.meps.ahrq.gov/mepsweb/data_stats/download_data_files_detail.jsp?cboPufNumber=HC-101
JOBS,Jobs File,2006,HC-100,https://www.meps.ahrq.gov/mepsweb/data_stats/download_data_files_detail.jsp?cboPufNumber=HC-100
FYC,Full-Year Consolidated File,2005,HC-097,https://www.meps.ahrq.gov/mepsweb/data_stats/download_data_files_detail.jsp?cboPufNumber=HC-097
COND,Medical Conditions,2005,HC-096,https://www.meps.ahrq.gov/mepsweb/data_stats/download_data_files_detail.jsp?cboPufNumber=HC-096
PRPL,Person Round Plan,2005,HC-095,https://www.meps.ahrq.gov/mepsweb/data_stats/download_data_files_detail.jsp?cboPufNumber=HC-095
CLNK,Linkage: Condition-Event Link,2005,HC-094I,https://www.meps.ahrq.gov/mepsweb/data_stats/download_data_files_detail.jsp?cboPufNumber=HC-094I
RXLK,Linkage: RX-Event Link,2005,HC-094I,https://www.meps.ahrq.gov/mepsweb/data_stats/download_data_files_detail.jsp?cboPufNumber=HC-094I
HH,Event File - Home Health,2005,HC-094H,https://www.meps.ahrq.gov/mepsweb/data_stats/download_data_files_detail.jsp?cboPufNumber=HC-094H
OB,Event File - Office-Based Medical Provider Visits,2005,HC-094G,https://www.meps.ahrq.gov/mepsweb/data_stats/download_data_files_detail.jsp?cboPufNumber=HC-094G
OP,Event File - Outpatient Visits,2005,HC-094F,https://www.meps.ahrq.gov/mepsweb/data_stats/download_data_files_detail.jsp?cboPufNumber=HC-094F
ER,Event File - Emergency Room Visits,2005,HC-094E,https://www.meps.ahrq.gov/mepsweb/data_stats/download_data_files_detail.jsp?cboPufNumber=HC-094E
IP,Event File - Hospital Inpatient Stays,2005,HC-094D,https://www.meps.ahrq.gov/mepsweb/data_stats/download_data_files_detail.jsp?cboPufNumber=HC-094D
OM,Event File - Other Medical Expenses,2005,HC-094C,https://www.meps.ahrq.gov/mepsweb/data_stats/download_data_files_detail.jsp?cboPufNumber=HC-094C
DV,Event File - Dental Visits,2005,HC-094B,https://www.meps.ahrq.gov/mepsweb/data_stats/download_data_files_detail.jsp?cboPufNumber=HC-094B
RX,Event File - Prescribed Medicines,2005,HC-094A,https://www.meps.ahrq.gov/mepsweb/data_stats/download_data_files_detail.jsp?cboPufNumber=HC-094A
PIT,Point-In-Time (1996-2019),2006,HC-093,https://www.meps.ahrq.gov/mepsweb/data_stats/download_data_files_detail.jsp?cboPufNumber=HC-093
JOBS,Jobs File,2005,HC-091,https://www.meps.ahrq.gov/mepsweb/data_stats/download_data_files_detail.jsp?cboPufNumber=HC-091
FYC,Full-Year Consolidated File,2004,HC-089,https://www.meps.ahrq.gov/mepsweb/data_stats/download_data_files_detail.jsp?cboPufNumber=HC-089
PRPL,Person Round Plan,2004,HC-088,https://www.meps.ahrq.gov/mepsweb/data_stats/download_data_files_detail.jsp?cboPufNumber=HC-088
COND,Medical Conditions,2004,HC-087,https://www.meps.ahrq.gov/mepsweb/data_stats/download_data_files_detail.jsp?cboPufNumber=HC-087
CLNK,Linkage: Condition-Event Link,2004,HC-085I,https://www.meps.ahrq.gov/mepsweb/data_stats/download_data_files_detail.jsp?cboPufNumber=HC-085I
RXLK,Linkage: RX-Event Link,2004,HC-085I,https://www.meps.ahrq.gov/mepsweb/data_stats/download_data_files_detail.jsp?cboPufNumber=HC-085I
HH,Event File - Home Health,2004,HC-085H,https://www.meps.ahrq.gov/mepsweb/data_stats/download_data_files_detail.jsp?cboPufNumber=HC-085H
OB,Event File - Office-Based Medical Provider Visits,2004,HC-085G,https://www.meps.ahrq.gov/mepsweb/data_stats/download_data_files_detail.jsp?cboPufNumber=HC-085G
OP,Event File - Outpatient Visits,2004,HC-085F,https://www.meps.ahrq.gov/mepsweb/data_stats/download_data_files_detail.jsp?cboPufNumber=HC-085F
ER,Event File - Emergency Room Visits,2004,HC-085E,https://www.meps.ahrq.gov/mepsweb/data_stats/download_data_files_detail.jsp?cboPufNumber=HC-085E
IP,Event File - Hospital Inpatient Stays,2004,HC-085D,https://www.meps.ahrq.gov/mepsweb/data_stats/download_data_files_detail.jsp?cboPufNumber=HC-085D
OM,Event File - Other Medical Expenses,2004,HC-085C,https://www.meps.ahrq.gov/mepsweb/data_stats/download_data_files_detail.jsp?cboPufNumber=HC-085C
DV,Event File - Dental Visits,2004,HC-085B,https://www.meps.ahrq.gov/mepsweb/data_stats/download_data_files_detail.jsp?cboPufNumber=HC-085B
RX,Event File - Prescribed Medicines,2004,HC-085A,https://www.meps.ahrq.gov/mepsweb/data_stats/download_data_files_detail.jsp?cboPufNumber=HC-085A
PIT,Point-In-Time (1996-2019),2005,HC-084,https://www.meps.ahrq.gov/mepsweb/data_stats/download_data_files_detail.jsp?cboPufNumber=HC-084
JOBS,Jobs File,2004,HC-083,https://www.meps.ahrq.gov/mepsweb/data_stats/download_data_files_detail.jsp?cboPufNumber=HC-083
FYC,Full-Year Consolidated File,2003,HC-079,https://www.meps.ahrq.gov/mepsweb/data_stats/download_data_files_detail.jsp?cboPufNumber=HC-079
COND,Medical Conditions,2003,HC-078,https://www.meps.ahrq.gov/mepsweb/data_stats/download_data_files_detail.jsp?cboPufNumber=HC-078
CLNK,Linkage: Condition-Event Link,2003,HC-077I,https://www.meps.ahrq.gov/mepsweb/data_stats/download_data_files_detail.jsp?cboPufNumber=HC-077I
RXLK,Linkage: RX-Event Link,2003,HC-077I,https://www.meps.ahrq.gov/mepsweb/data_stats/download_data_files_detail.jsp?cboPufNumber=HC-077I
HH,Event File - Home Health,2003,HC-077H,https://www.meps.ahrq.gov/mepsweb/data_stats/download_data_files_detail.jsp?cboPufNumber=HC-077H
OB,Event File - Office-Based Medical Provider Visits,2003,HC-077G,https://www.meps.ahrq.gov/mepsweb/data_stats/download_data_files_detail.jsp?cboPufNumber=HC-077G
OP,Event File - Outpatient Visits,2003,HC-077F,https://www.meps.ahrq.gov/mepsweb/data_stats/download_data_files_detail.jsp?cboPufNumber=HC-077F
ER,Event File - Emergency Room Visits,2003,HC-077E,https://www.meps.ahrq.gov/mepsweb/data_stats/download_data_files_detail.jsp?cboPufNumber=HC-077E
IP,Event File - Hospital Inpatient Stays,2003,HC-077D,https://www.meps.ahrq.gov/mepsweb/data_stats/download_data_files_detail.jsp?cboPufNumber=HC-077D
OM,Event File - Other Medical Expenses,2003,HC-077C,https://www.meps.ahrq.gov/mepsweb/data_stats/download_data_files_detail.jsp?cboPufNumber=HC-077C
DV,Event File - Dental Visits,2003,HC-077B,https://www.meps.ahrq.gov/mepsweb/data_stats/download_data_files_detail.jsp?cboPufNumber=HC-077B
RX,Event File - Prescribed Medicines,2003,HC-077A,https://www.meps.ahrq.gov/mepsweb/data_stats/download_data_files_detail.jsp?cboPufNumber=HC-077A
PRPL,Person Round Plan,2003,HC-076,https://www.meps.ahrq.gov/mepsweb/data_stats/download_data_files_detail.jsp?cboPufNumber=HC-076
PIT,Point-In-Time (1996-2019),2004,HC-075,https://www.meps.ahrq.gov/mepsweb/data_stats/download_data_files_detail.jsp?cboPufNumber=HC-075
JOBS,Jobs File,2003,HC-074,https://www.meps.ahrq.gov/mepsweb/data_stats/download_data_files_detail.jsp?cboPufNumber=HC-074
FYC,Full-Year Consolidated File,2002,HC-070,https://www.meps.ahrq.gov/mepsweb/data_stats/download_data_files_detail.jsp?cboPufNumber=HC-070
COND,Medical Conditions,2002,HC-069,https://www.meps.ahrq.gov/mepsweb/data_stats/download_data_files_detail.jsp?cboPufNumber=HC-069
RX-Multum,Supplemental - Multum Lexicon Addendum to PMED Event Files (1996-2013),2013,HC-068,https://www.meps.ahrq.gov/mepsweb/data_stats/download_data_files_detail.jsp?cboPufNumber=HC-068
RX-Multum,Supplemental - Multum Lexicon Addendum to PMED Event Files (1996-2013),2012,HC-068,https://www.meps.ahrq.gov/mepsweb/data_stats/download_data_files_detail.jsp?cboPufNumber=HC-068
RX-Multum,Supplemental - Multum Lexicon Addendum to PMED Event Files (1996-2013),2011,HC-068,https://www.meps.ahrq.gov/mepsweb/data_stats/download_data_files_detail.jsp?cboPufNumber=HC-068
RX-Multum,Supplemental - Multum Lexicon Addendum to PMED Event Files (1996-2013),2010,HC-068,https://www.meps.ahrq.gov/mepsweb/data_stats/download_data_files_detail.jsp?cboPufNumber=HC-068
RX-Multum,Supplemental - Multum Lexicon Addendum to PMED Event Files (1996-2013),2009,HC-068,https://www.meps.ahrq.gov/mepsweb/data_stats/download_data_files_detail.jsp?cboPufNumber=HC-068
RX-Multum,Supplemental - Multum Lexicon Addendum to PMED Event Files (1996-2013),2008,HC-068,https://www.meps.ahrq.gov/mepsweb/data_stats/download_data_files_detail.jsp?cboPufNumber=HC-068
RX-Multum,Supplemental - Multum Lexicon Addendum to PMED Event Files (1996-2013),2007,HC-068,https://www.meps.ahrq.gov/mepsweb/data_stats/download_data_files_detail.jsp?cboPufNumber=HC-068
RX-Multum,Supplemental - Multum Lexicon Addendum to PMED Event Files (1996-2013),2006,HC-068,https://www.meps.ahrq.gov/mepsweb/data_stats/download_data_files_detail.jsp?cboPufNumber=HC-068
RX-Multum,Supplemental - Multum Lexicon Addendum to PMED Event Files (1996-2013),2005,HC-068,https://www.meps.ahrq.gov/mepsweb/data_stats/download_data_files_detail.jsp?cboPufNumber=HC-068
RX-Multum,Supplemental - Multum Lexicon Addendum to PMED Event Files (1996-2013),2004,HC-068,https://www.meps.ahrq.gov/mepsweb/data_stats/download_data_files_detail.jsp?cboPufNumber=HC-068
RX-Multum,Supplemental - Multum Lexicon Addendum to PMED Event Files (1996-2013),2003,HC-068,https://www.meps.ahrq.gov/mepsweb/data_stats/download_data_files_detail.jsp?cboPufNumber=HC-068
RX-Multum,Supplemental - Multum Lexicon Addendum to PMED Event Files (1996-2013),2002,HC-068,https://www.meps.ahrq.gov/mepsweb/data_stats/download_data_files_detail.jsp?cboPufNumber=HC-068
RX-Multum,Supplemental - Multum Lexicon Addendum to PMED Event Files (1996-2013),2001,HC-068,https://www.meps.ahrq.gov/mepsweb/data_stats/download_data_files_detail.jsp?cboPufNumber=HC-068
RX-Multum,Supplemental - Multum Lexicon Addendum to PMED Event Files (1996-2013),2000,HC-068,https://www.meps.ahrq.gov/mepsweb/data_stats/download_data_files_detail.jsp?cboPufNumber=HC-068
RX-Multum,Supplemental - Multum Lexicon Addendum to PMED Event Files (1996-2013),1999,HC-068,https://www.meps.ahrq.gov/mepsweb/data_stats/download_data_files_detail.jsp?cboPufNumber=HC-068
RX-Multum,Supplemental - Multum Lexicon Addendum to PMED Event Files (1996-2013),1998,HC-068,https://www.meps.ahrq.gov/mepsweb/data_stats/download_data_files_detail.jsp?cboPufNumber=HC-068
RX-Multum,Supplemental - Multum Lexicon Addendum to PMED Event Files (1996-2013),1997,HC-068,https://www.meps.ahrq.gov/mepsweb/data_stats/download_data_files_detail.jsp?cboPufNumber=HC-068
RX-Multum,Supplemental - Multum Lexicon Addendum to PMED Event Files (1996-2013),1996,HC-068,https://www.meps.ahrq.gov/mepsweb/data_stats/download_data_files_detail.jsp?cboPufNumber=HC-068
CLNK,Linkage: Condition-Event Link,2002,HC-067I,https://www.meps.ahrq.gov/mepsweb/data_stats/download_data_files_detail.jsp?cboPufNumber=HC-067I
RXLK,Linkage: RX-Event Link,2002,HC-067I,https://www.meps.ahrq.gov/mepsweb/data_stats/download_data_files_detail.jsp?cboPufNumber=HC-067I
HH,Event File - Home Health,2002,HC-067H,https://www.meps.ahrq.gov/mepsweb/data_stats/download_data_files_detail.jsp?cboPufNumber=HC-067H
OB,Event File - Office-Based Medical Provider Visits,2002,HC-067G,https://www.meps.ahrq.gov/mepsweb/data_stats/download_data_files_detail.jsp?cboPufNumber=HC-067G
OP,Event File - Outpatient Visits,2002,HC-067F,https://www.meps.ahrq.gov/mepsweb/data_stats/download_data_files_detail.jsp?cboPufNumber=HC-067F
ER,Event File - Emergency Room Visits,2002,HC-067E,https://www.meps.ahrq.gov/mepsweb/data_stats/download_data_files_detail.jsp?cboPufNumber=HC-067E
IP,Event File - Hospital Inpatient Stays,2002,HC-067D,https://www.meps.ahrq.gov/mepsweb/data_stats/download_data_files_detail.jsp?cboPufNumber=HC-067D
OM,Event File - Other Medical Expenses,2002,HC-067C,https://www.meps.ahrq.gov/mepsweb/data_stats/download_data_files_detail.jsp?cboPufNumber=HC-067C
DV,Event File - Dental Visits,2002,HC-067B,https://www.meps.ahrq.gov/mepsweb/data_stats/download_data_files_detail.jsp?cboPufNumber=HC-067B
RX,Event File - Prescribed Medicines,2002,HC-067A,https://www.meps.ahrq.gov/mepsweb/data_stats/download_data_files_detail.jsp?cboPufNumber=HC-067A
PRPL,Person Round Plan,2002,HC-066,https://www.meps.ahrq.gov/mepsweb/data_stats/download_data_files_detail.jsp?cboPufNumber=HC-066
PIT,Point-In-Time (1996-2019),2003,HC-064,https://www.meps.ahrq.gov/mepsweb/data_stats/download_data_files_detail.jsp?cboPufNumber=HC-064
JOBS,Jobs File,2002,HC-063,https://www.meps.ahrq.gov/mepsweb/data_stats/download_data_files_detail.jsp?cboPufNumber=HC-063
COND,Medical Conditions,2001,HC-061,https://www.meps.ahrq.gov/mepsweb/data_stats/download_data_files_detail.jsp?cboPufNumber=HC-061
FYC,Full-Year Consolidated File,2001,HC-060,https://www.meps.ahrq.gov/mepsweb/data_stats/download_data_files_detail.jsp?cboPufNumber=HC-060
CLNK,Linkage: Condition-Event Link,2001,HC-059I,https://www.meps.ahrq.gov/mepsweb/data_stats/download_data_files_detail.jsp?cboPufNumber=HC-059I
RXLK,Linkage: RX-Event Link,2001,HC-059I,https://www.meps.ahrq.gov/mepsweb/data_stats/download_data_files_detail.jsp?cboPufNumber=HC-059I
HH,Event File - Home Health,2001,HC-059H,https://www.meps.ahrq.gov/mepsweb/data_stats/download_data_files_detail.jsp?cboPufNumber=HC-059H
OB,Event File - Office-Based Medical Provider Visits,2001,HC-059G,https://www.meps.ahrq.gov/mepsweb/data_stats/download_data_files_detail.jsp?cboPufNumber=HC-059G
OP,Event File - Outpatient Visits,2001,HC-059F,https://www.meps.ahrq.gov/mepsweb/data_stats/download_data_files_detail.jsp?cboPufNumber=HC-059F
ER,Event File - Emergency Room Visits,2001,HC-059E,https://www.meps.ahrq.gov/mepsweb/data_stats/download_data_files_detail.jsp?cboPufNumber=HC-059E
IP,Event File - Hospital Inpatient Stays,2001,HC-059D,https://www.meps.ahrq.gov/mepsweb/data_stats/download_data_files_detail.jsp?cboPufNumber=HC-059D
OM,Event File - Other Medical Expenses,2001,HC-059C,https://www.meps.ahrq.gov/mepsweb/data_stats/download_data_files_detail.jsp?cboPufNumber=HC-059C
DV,Event File - Dental Visits,2001,HC-059B,https://www.meps.ahrq.gov/mepsweb/data_stats/download_data_files_detail.jsp?cboPufNumber=HC-059B
RX,Event File - Prescribed Medicines,2001,HC-059A,https://www.meps.ahrq.gov/mepsweb/data_stats/download_data_files_detail.jsp?cboPufNumber=HC-059A
PRPL,Person Round Plan,2001,HC-057,https://www.meps.ahrq.gov/mepsweb/data_stats/download_data_files_detail.jsp?cboPufNumber=HC-057
JOBS,Jobs File,2001,HC-056,https://www.meps.ahrq.gov/mepsweb/data_stats/download_data_files_detail.jsp?cboPufNumber=HC-056
PIT,Point-In-Time (1996-2019),2002,HC-053,https://www.meps.ahrq.gov/mepsweb/data_stats/download_data_files_detail.jsp?cboPufNumber=HC-053
COND,Medical Conditions,2000,HC-052,https://www.meps.ahrq.gov/mepsweb/data_stats/download_data_files_detail.jsp?cboPufNumber=HC-052
CLNK,Linkage: Condition-Event Link,2000,HC-051I,https://www.meps.ahrq.gov/mepsweb/data_stats/download_data_files_detail.jsp?cboPufNumber=HC-051I
RXLK,Linkage: RX-Event Link,2000,HC-051I,https://www.meps.ahrq.gov/mepsweb/data_stats/download_data_files_detail.jsp?cboPufNumber=HC-051I
HH,Event File - Home Health,2000,HC-051H,https://www.meps.ahrq.gov/mepsweb/data_stats/download_data_files_detail.jsp?cboPufNumber=HC-051H
OB,Event File - Office-Based Medical Provider Visits,2000,HC-051G,https://www.meps.ahrq.gov/mepsweb/data_stats/download_data_files_detail.jsp?cboPufNumber=HC-051G
OP,Event File - Outpatient Visits,2000,HC-051F,https://www.meps.ahrq.gov/mepsweb/data_stats/download_data_files_detail.jsp?cboPufNumber=HC-051F
ER,Event File - Emergency Room Visits,2000,HC-051E,https://www.meps.ahrq.gov/mepsweb/data_stats/download_data_files_detail.jsp?cboPufNumber=HC-051E
IP,Event File - Hospital Inpatient Stays,2000,HC-051D,https://www.meps.ahrq.gov/mepsweb/data_stats/download_data_files_detail.jsp?cboPufNumber=HC-051D
OM,Event File - Other Medical Expenses,2000,HC-051C,https://www.meps.ahrq.gov/mepsweb/data_stats/download_data_files_detail.jsp?cboPufNumber=HC-051C
DV,Event File - Dental Visits,2000,HC-051B,https://www.meps.ahrq.gov/mepsweb/data_stats/download_data_files_detail.jsp?cboPufNumber=HC-051B
RX,Event File - Prescribed Medicines,2000,HC-051A,https://www.meps.ahrq.gov/mepsweb/data_stats/download_data_files_detail.jsp?cboPufNumber=HC-051A
FYC,Full-Year Consolidated File,2000,HC-050,https://www.meps.ahrq.gov/mepsweb/data_stats/download_data_files_detail.jsp?cboPufNumber=HC-050
PRPL,Person Round Plan,2000,HC-047,https://www.meps.ahrq.gov/mepsweb/data_stats/download_data_files_detail.jsp?cboPufNumber=HC-047
PRPL,Person Round Plan,1999,HC-047,https://www.meps.ahrq.gov/mepsweb/data_stats/download_data_files_detail.jsp?cboPufNumber=HC-047
PRPL,Person Round Plan,1998,HC-047,https://www.meps.ahrq.gov/mepsweb/data_stats/download_data_files_detail.jsp?cboPufNumber=HC-047
PRPL,Person Round Plan,1997,HC-047,https://www.meps.ahrq.gov/mepsweb/data_stats/download_data_files_detail.jsp?cboPufNumber=HC-047
FYC-Supp,Supplemental - FYC Variables (1996-1999),1999,HC-044,https://www.meps.ahrq.gov/mepsweb/data_stats/download_data_files_detail.jsp?cboPufNumber=HC-044
FYC-Supp,Supplemental - FYC Variables (1996-1999),1998,HC-043,https://www.meps.ahrq.gov/mepsweb/data_stats/download_data_files_detail.jsp?cboPufNumber=HC-043
FYC-Supp,Supplemental - FYC Variables (1996-1999),1997,HC-042,https://www.meps.ahrq.gov/mepsweb/data_stats/download_data_files_detail.jsp?cboPufNumber=HC-042
FYC-Supp,Supplemental - FYC Variables (1996-1999),1996,HC-041,https://www.meps.ahrq.gov/mepsweb/data_stats/download_data_files_detail.jsp?cboPufNumber=HC-041
JOBS,Jobs File,2000,HC-040,https://www.meps.ahrq.gov/mepsweb/data_stats/download_data_files_detail.jsp?cboPufNumber=HC-040
FYC,Full-Year Consolidated File,1999,HC-038,https://www.meps.ahrq.gov/mepsweb/data_stats/download_data_files_detail.jsp?cboPufNumber=HC-038
COND,Medical Conditions,1999,HC-037,https://www.meps.ahrq.gov/mepsweb/data_stats/download_data_files_detail.jsp?cboPufNumber=HC-037
PIT,Point-In-Time (1996-2019),2001,HC-034,https://www.meps.ahrq.gov/mepsweb/data_stats/download_data_files_detail.jsp?cboPufNumber=HC-034
CLNK,Linkage: Condition-Event Link,1999,HC-033I,https://www.meps.ahrq.gov/mepsweb/data_stats/download_data_files_detail.jsp?cboPufNumber=HC-033I
RXLK,Linkage: RX-Event Link,1999,HC-033I,https://www.meps.ahrq.gov/mepsweb/data_stats/download_data_files_detail.jsp?cboPufNumber=HC-033I
HH,Event File - Home Health,1999,HC-033H,https://www.meps.ahrq.gov/mepsweb/data_stats/download_data_files_detail.jsp?cboPufNumber=HC-033H
OB,Event File - Office-Based Medical Provider Visits,1999,HC-033G,https://www.meps.ahrq.gov/mepsweb/data_stats/download_data_files_detail.jsp?cboPufNumber=HC-033G
OP,Event File - Outpatient Visits,1999,HC-033F,https://www.meps.ahrq.gov/mepsweb/data_stats/download_data_files_detail.jsp?cboPufNumber=HC-033F
ER,Event File - Emergency Room Visits,1999,HC-033E,https://www.meps.ahrq.gov/mepsweb/data_stats/download_data_files_detail.jsp?cboPufNumber=HC-033E
IP,Event File - Hospital Inpatient Stays,1999,HC-033D,https://www.meps.ahrq.gov/mepsweb/data_stats/download_data_files_detail.jsp?cboPufNumber=HC-033D
OM,Event File - Other Medical Expenses,1999,HC-033C,https://www.meps.ahrq.gov/mepsweb/data_stats/download_data_files_detail.jsp?cboPufNumber=HC-033C
DV,Event File - Dental Visits,1999,HC-033B,https://www.meps.ahrq.gov/mepsweb/data_stats/download_data_files_detail.jsp?cboPufNumber=HC-033B
RX,Event File - Prescribed Medicines,1999,HC-033A,https://www.meps.ahrq.gov/mepsweb/data_stats/download_data_files_detail.jsp?cboPufNumber=HC-033A
JOBS,Jobs File,1999,HC-032,https://www.meps.ahrq.gov/mepsweb/data_stats/download_data_files_detail.jsp?cboPufNumber=HC-032
FYC,Full-Year Consolidated File,1998,HC-028,https://www.meps.ahrq.gov/mepsweb/data_stats/download_data_files_detail.jsp?cboPufNumber=HC-028
COND,Medical Conditions,1998,HC-027,https://www.meps.ahrq.gov/mepsweb/data_stats/download_data_files_detail.jsp?cboPufNumber=HC-027
CLNK,Linkage: Condition-Event Link,1998,HC-026I,https://www.meps.ahrq.gov/mepsweb/data_stats/download_data_files_detail.jsp?cboPufNumber=HC-026I
RXLK,Linkage: RX-Event Link,1998,HC-026I,https://www.meps.ahrq.gov/mepsweb/data_stats/download_data_files_detail.jsp?cboPufNumber=HC-026I
HH,Event File - Home Health,1998,HC-026H,https://www.meps.ahrq.gov/mepsweb/data_stats/download_data_files_detail.jsp?cboPufNumber=HC-026H
OB,Event File - Office-Based Medical Provider Visits,1998,HC-026G,https://www.meps.ahrq.gov/mepsweb/data_stats/download_data_files_detail.jsp?cboPufNumber=HC-026G
OP,Event File - Outpatient Visits,1998,HC-026F,https://www.meps.ahrq.gov/mepsweb/data_stats/download_data_files_detail.jsp?cboPufNumber=HC-026F
ER,Event File - Emergency Room Visits,1998,HC-026E,https://www.meps.ahrq.gov/mepsweb/data_stats/download_data_files_detail.jsp?cboPufNumber=HC-026E
IP,Event File - Hospital Inpatient Stays,1998,HC-026D,https://www.meps.ahrq.gov/mepsweb/data_stats/download_data_files_detail.jsp?cboPufNumber=HC-026D
OM,Event File - Other Medical Expenses,1998,HC-026C,https://www.meps.ahrq.gov/mepsweb/data_stats/download_data_files_detail.jsp?cboPufNumber=HC-026C
DV,Event File - Dental Visits,1998,HC-026B,https://www.meps.ahrq.gov/mepsweb/data_stats/download_data_files_detail.jsp?cboPufNumber=HC-026B
RX,Event File - Prescribed Medicines,1998,HC-026A,https://www.meps.ahrq.gov/mepsweb/data_stats/download_data_files_detail.jsp?cboPufNumber=HC-026A
JOBS,Jobs File,1998,HC-025,https://www.meps.ahrq.gov/mepsweb/data_stats/download_data_files_detail.jsp?cboPufNumber=HC-025
PRPL,Person Round Plan,1996,HC-024,https://www.meps.ahrq.gov/mepsweb/data_stats/download_data_files_detail.jsp?cboPufNumber=HC-024
PIT,Point-In-Time (1996-2019),2000,HC-022,https://www.meps.ahrq.gov/mepsweb/data_stats/download_data_files_detail.jsp?cboPufNumber=HC-022
FYC,Full-Year Consolidated File,1997,HC-020,https://www.meps.ahrq.gov/mepsweb/data_stats/download_data_files_detail.jsp?cboPufNumber=HC-020
JOBS,Jobs File,1997,HC-019,https://www.meps.ahrq.gov/mepsweb/data_stats/download_data_files_detail.jsp?cboPufNumber=HC-019
COND,Medical Conditions,1997,HC-018,https://www.meps.ahrq.gov/mepsweb/data_stats/download_data_files_detail.jsp?cboPufNumber=HC-018
CLNK,Linkage: Condition-Event Link,1997,HC-016I,https://www.meps.ahrq.gov/mepsweb/data_stats/download_data_files_detail.jsp?cboPufNumber=HC-016I
RXLK,Linkage: RX-Event Link,1997,HC-016I,https://www.meps.ahrq.gov/mepsweb/data_stats/download_data_files_detail.jsp?cboPufNumber=HC-016I
HH,Event File - Home Health,1997,HC-016H,https://www.meps.ahrq.gov/mepsweb/data_stats/download_data_files_detail.jsp?cboPufNumber=HC-016H
OB,Event File - Office-Based Medical Provider Visits,1997,HC-016G,https://www.meps.ahrq.gov/mepsweb/data_stats/download_data_files_detail.jsp?cboPufNumber=HC-016G
OP,Event File - Outpatient Visits,1997,HC-016F,https://www.meps.ahrq.gov/mepsweb/data_stats/download_data_files_detail.jsp?cboPufNumber=HC-016F
ER,Event File - Emergency Room Visits,1997,HC-016E,https://www.meps.ahrq.gov/mepsweb/data_stats/download_data_files_detail.jsp?cboPufNumber=HC-016E
IP,Event File - Hospital Inpatient Stays,1997,HC-016D,https://www.meps.ahrq.gov/mepsweb/data_stats/download_data_files_detail.jsp?cboPufNumber=HC-016D
OM,Event File - Other Medical Expenses,1997,HC-016C,https://www.meps.ahrq.gov/mepsweb/data_stats/download_data_files_detail.jsp?cboPufNumber=HC-016C
DV,Event File - Dental Visits,1997,HC-016B,https://www.meps.ahrq.gov/mepsweb/data_stats/download_data_files_detail.jsp?cboPufNumber=HC-016B
RX,Event File - Prescribed Medicines,1997,HC-016A,https://www.meps.ahrq.gov/mepsweb/data_stats/download_data_files_detail.jsp?cboPufNumber=HC-016A
PIT,Point-In-Time (1996-2019),1999,HC-013,https://www.meps.ahrq.gov/mepsweb/data_stats/download_data_files_detail.jsp?cboPufNumber=HC-013
FYC,Full-Year Consolidated File,1996,HC-012,https://www.meps.ahrq.gov/mepsweb/data_stats/download_data_files_detail.jsp?cboPufNumber=HC-012
CLNK,Linkage: Condition-Event Link,1996,HC-010I,https://www.meps.ahrq.gov/mepsweb/data_stats/download_data_files_detail.jsp?cboPufNumber=HC-010I
RXLK,Linkage: RX-Event Link,1996,HC-010I,https://www.meps.ahrq.gov/mepsweb/data_stats/download_data_files_detail.jsp?cboPufNumber=HC-010I
HH,Event File - Home Health,1996,HC-010H,https://www.meps.ahrq.gov/mepsweb/data_stats/download_data_files_detail.jsp?cboPufNumber=HC-010H
OB,Event File - Office-Based Medical Provider Visits,1996,HC-010G,https://www.meps.ahrq.gov/mepsweb/data_stats/download_data_files_detail.jsp?cboPufNumber=HC-010G
OP,Event File - Outpatient Visits,1996,HC-010F,https://www.meps.ahrq.gov/mepsweb/data_stats/download_data_files_detail.jsp?cboPufNumber=HC-010F
ER,Event File - Emergency Room Visits,1996,HC-010E,https://www.meps.ahrq.gov/mepsweb/data_stats/download_data_files_detail.jsp?cboPufNumber=HC-010E
IP,Event File - Hospital Inpatient Stays,1996,HC-010D,https://www.meps.ahrq.gov/mepsweb/data_stats/download_data_files_detail.jsp?cboPufNumber=HC-010D
OM,Event File - Other Medical Expenses,1996,HC-010C,https://www.meps.ahrq.gov/mepsweb/data_stats/download_data_files_detail.jsp?cboPufNumber=HC-010C
DV,Event File - Dental Visits,1996,HC-010B,https://www.meps.ahrq.gov/mepsweb/data_stats/download_data_files_detail.jsp?cboPufNumber=HC-010B 
RX,Event File - Prescribed Medicines,1996,HC-010A,https://www.meps.ahrq.gov/mepsweb/data_stats/download_data_files_detail.jsp?cboPufNumber=HC-010A
PIT,Point-In-Time (1996-2019),1998,HC-009,https://www.meps.ahrq.gov/mepsweb/data_stats/download_data_files_detail.jsp?cboPufNumber=HC-009
JOBS,Jobs File,1996,HC-007,https://www.meps.ahrq.gov/mepsweb/data_stats/download_data_files_detail.jsp?cboPufNumber=HC-007
COND,Medical Conditions,1996,HC-006R,https://www.meps.ahrq.gov/mepsweb/data_stats/download_data_files_detail.jsp?cboPufNumber=HC-006R
PIT,Point-In-Time (1996-2019),1997,HC-005,https://www.meps.ahrq.gov/mepsweb/data_stats/download_data_files_detail.jsp?cboPufNumber=HC-005
PIT,Point-In-Time (1996-2019),1996,HC-001,https://www.meps.ahrq.gov/mepsweb/data_stats/download_data_files_detail.jsp?cboPufNumber=HC-001
